article_id,neighbor_id
86,3289
86,18689
86,43239
90,34839
97,41669
101,20744
117,18537
130,7787
130,32533
131,42184
141,8730
141,38504
142,6153
156,22043
184,1421
197,39217
213,15213
219,34685
219,40410
230,45369
231,13077
246,28390
247,24166
261,6592
269,3697
269,16847
269,23697
269,26791
278,37020
278,37998
278,38579
278,47609
292,23862
292,25435
292,42835
297,27147
309,14866
317,9327
317,37928
317,41159
321,2500
321,43483
322,3096
338,40547
340,25956
350,30767
392,29999
392,40392
410,30408
475,13091
488,16905
488,21596
488,33670
508,45508
521,27849
540,10966
540,24883
540,37857
540,41892
540,47698
553,35369
553,35484
569,36526
625,3975
625,27208
625,47208
641,5132
641,14347
654,27243
664,10664
664,38564
676,36937
681,47217
726,13136
727,35682
736,9370
736,28471
742,26712
742,41847
742,47941
755,7850
817,45576
841,9980
844,38037
875,48259
876,1707
882,12604
882,20710
894,41521
908,14156
918,31251
918,40547
969,6436
969,22462
969,24801
1013,29260
1013,40449
1024,4440
1039,17158
1039,25317
1039,38110
1049,36448
1049,42816
1049,46229
1104,38579
1134,31980
1163,17614
1163,35734
1194,31254
1203,41358
1229,7083
1266,38603
1304,4482
1311,40319
1319,12604
1319,16046
1321,22809
1350,30962
1351,6821
1355,32562
1355,42562
1421,184
1421,19312
1421,37456
1435,34395
1450,37324
1475,13258
1507,11406
1522,5433
1522,13027
1522,39149
1522,46428
1530,33211
1530,45283
1530,46530
1538,40576
1562,26868
1570,11614
1570,41929
1583,25728
1583,29384
1613,22534
1625,8230
1625,34103
1625,47987
1640,42859
1676,16777
1676,27180
1691,23701
1705,6486
1705,40522
1707,876
1717,15202
1722,14082
1756,31725
1756,43937
1767,15960
1767,41237
1772,40777
1818,31818
1828,8607
1839,39012
1849,5041
1849,45637
1850,31152
1904,16540
1947,2873
1947,33090
1960,28313
1961,21876
1973,16531
1973,26756
1973,40608
1985,29497
2007,23682
2012,15151
2012,22752
2012,27012
2026,10010
2030,48417
2041,10402
2041,31634
2041,45208
2047,33724
2047,37201
2072,6789
2076,5071
2076,15071
2076,33320
2096,4339
2096,4384
2096,12930
2096,33211
2109,42617
2113,37214
2116,35032
2120,3324
2120,42989
2136,38908
2158,11758
2158,17158
2227,7500
2227,47260
2228,20216
2228,42617
2245,26457
2245,44247
2289,6668
2312,37928
2337,41626
2337,41960
2364,10833
2364,27855
2399,10813
2405,44687
2428,47052
2440,11478
2455,42237
2475,20188
2475,32843
2486,26082
2487,37796
2492,15691
2500,321
2500,25285
2508,7877
2523,9152
2536,9530
2536,44779
2550,34540
2604,15832
2604,34799
2604,43958
2617,7447
2629,5147
2655,7899
2673,34161
2673,44176
2700,10767
2718,22987
2718,25435
2718,42835
2732,29391
2732,32217
2812,20840
2812,41016
2815,32301
2838,43209
2871,19166
2871,20588
2871,42764
2873,1947
2873,7596
2873,15540
2873,37796
2886,15336
2894,32148
2894,38069
2955,8515
2955,16333
2963,35471
2978,39989
3008,3128
3015,19058
3021,22231
3062,9308
3062,11673
3077,7974
3080,21954
3080,26489
3081,3669
3089,4985
3096,322
3128,3008
3131,43131
3177,20557
3177,34843
3180,23375
3188,13531
3188,14527
3196,13504
3200,27239
3218,16810
3239,40035
3239,42495
3252,44491
3255,33761
3255,37483
3275,36744
3275,39294
3287,7223
3289,86
3289,43239
3291,9132
3291,16340
3291,20047
3291,40436
3291,41892
3306,38067
3308,36462
3319,39060
3319,41007
3323,37739
3324,2120
3324,16616
3324,42989
3325,34886
3377,44466
3399,8446
3399,9530
3399,20354
3404,12224
3404,32533
3404,43758
3408,33675
3419,19930
3422,43799
3435,26317
3435,32749
3435,44126
3438,19802
3438,32686
3451,14646
3462,45283
3466,12858
3494,23003
3519,20695
3528,28258
3528,38903
3529,23216
3529,25724
3529,40696
3529,43529
3545,44717
3564,38564
3572,48259
3587,4636
3587,15465
3587,44055
3601,21610
3608,5342
3608,29810
3622,4199
3630,14203
3669,3081
3690,27752
3697,269
3697,9550
3697,23697
3745,35494
3745,40514
3774,44225
3796,22499
3803,14701
3803,34090
3803,40815
3804,10716
3838,41854
3853,39301
3942,41242
3942,45995
3942,46720
3975,625
3975,30709
3976,23166
3976,30133
3976,31842
3991,7577
3994,12577
3994,13994
3994,36981
4022,4563
4034,6520
4034,18559
4037,15637
4037,16464
4067,6534
4067,8730
4067,18733
4093,35860
4107,30056
4107,42151
4118,17162
4118,25317
4122,38220
4149,11757
4189,8730
4189,17968
4189,41057
4199,3622
4199,16860
4199,29498
4199,45647
4202,19767
4208,37584
4212,46819
4277,11974
4277,19782
4292,19292
4301,41854
4301,42030
4313,4324
4313,12631
4313,32631
4316,26959
4324,4313
4330,17734
4330,19862
4330,24330
4333,10440
4333,24041
4333,38402
4335,9984
4339,2096
4339,16046
4339,25285
4355,16464
4355,38026
4359,19710
4361,20161
4368,36671
4368,48484
4383,31739
4383,41406
4384,2096
4384,12930
4384,18037
4385,8658
4385,24883
4385,34385
4385,44385
4385,46079
4402,25123
4405,39661
4409,18017
4410,23300
4440,1024
4440,23535
4446,26791
4450,40051
4471,5906
4482,1304
4482,11406
4482,45514
4484,14954
4484,39579
4489,14954
4489,27380
4499,11497
4515,35945
4526,38908
4556,45283
4558,39620
4563,4022
4578,24560
4584,24343
4584,41960
4603,22194
4603,33311
4603,34997
4636,3587
4636,36316
4636,46827
4666,17734
4686,26000
4708,26940
4711,26568
4712,33234
4723,10255
4723,18941
4723,36098
4723,45995
4727,15716
4733,45099
4758,35428
4758,42333
4835,7859
4907,33509
4907,42495
4917,28313
4985,3089
5032,15492
5032,27241
5032,40714
5038,24168
5041,1849
5041,34698
5065,24793
5071,2076
5071,15071
5071,30615
5071,33320
5071,40207
5071,44500
5086,46796
5114,35226
5132,641
5132,35616
5147,2629
5176,31254
5202,15363
5202,24133
5202,35521
5203,33683
5203,37801
5203,39016
5236,19202
5267,31017
5267,48232
5273,11660
5274,42565
5275,7287
5301,16580
5320,29441
5320,33129
5326,16810
5326,44654
5342,3608
5342,36555
5393,16627
5393,35393
5429,8711
5433,1522
5433,18978
5433,20589
5433,38456
5436,42496
5483,13915
5483,24386
5498,6670
5498,40506
5498,41744
5538,40921
5585,6571
5585,20264
5585,46591
5598,9980
5639,40127
5647,10003
5647,41626
5647,44569
5660,13583
5660,20660
5687,26992
5728,16475
5730,24731
5744,32595
5744,39586
5746,12399
5746,30541
5746,43318
5829,20047
5829,33203
5829,35930
5834,30438
5859,40623
5865,7550
5886,6341
5886,46089
5898,22192
5906,4471
5915,6757
5915,20622
5915,43937
5916,30916
5938,17517
5948,37868
5948,47596
5951,35951
5995,47305
6052,16052
6052,20744
6060,13741
6064,9720
6064,47191
6088,25635
6112,14043
6113,35124
6149,7143
6149,21149
6149,42859
6149,47198
6153,142
6166,17276
6166,29308
6173,44717
6181,23331
6181,43331
6232,14819
6232,16232
6232,34819
6236,23331
6236,43331
6242,28223
6257,16303
6309,10831
6327,37375
6329,44891
6341,5886
6347,24513
6363,22390
6381,6924
6381,48096
6389,14276
6389,27506
6394,18298
6394,44332
6409,7172
6409,22297
6409,33236
6409,47700
6432,41785
6432,44727
6436,969
6436,10104
6436,10145
6436,46381
6439,14815
6449,41454
6456,8151
6456,24987
6456,25066
6456,37566
6468,24793
6486,1705
6486,29927
6486,44705
6492,12801
6492,40410
6519,19754
6520,4034
6520,25299
6520,31959
6521,20553
6532,22436
6534,4067
6534,21534
6543,21543
6543,45647
6560,6941
6560,41570
6563,18432
6569,30838
6571,5585
6576,37846
6592,261
6634,29108
6668,2289
6668,27866
6670,5498
6670,15465
6720,34479
6757,5915
6764,42997
6789,2072
6815,17574
6821,1351
6821,15151
6857,39298
6879,15060
6879,45060
6887,14440
6898,31674
6924,6381
6941,6560
6953,11198
6984,23169
6984,34647
6984,41984
7003,19494
7016,46329
7053,35983
7060,35922
7060,35999
7060,48486
7072,19996
7075,7551
7075,43694
7083,1229
7087,13990
7100,10006
7119,27119
7119,34372
7131,16969
7131,20144
7131,31519
7138,41028
7138,44726
7143,6149
7143,46519
7172,6409
7172,7377
7177,26896
7223,3287
7223,21333
7235,23478
7235,29441
7235,42626
7246,17291
7246,31308
7246,41028
7270,24043
7287,5275
7287,40493
7335,37477
7335,46289
7345,47996
7377,7172
7377,39391
7383,8906
7383,12485
7398,32493
7399,10092
7399,10276
7408,23119
7408,42982
7408,45467
7408,45806
7447,2617
7467,27467
7468,13750
7468,16389
7485,12485
7485,47919
7498,19550
7499,14522
7499,28042
7499,37499
7500,2227
7500,37327
7500,40783
7512,23799
7522,28062
7522,28675
7522,41854
7547,22588
7550,5865
7551,7075
7551,38777
7551,42551
7551,43567
7576,18749
7576,23713
7576,39270
7577,3991
7577,14676
7577,31544
7577,31896
7583,44833
7596,2873
7604,12604
7604,24763
7655,24913
7655,32390
7669,9970
7730,15085
7730,26712
7776,12224
7776,32562
7776,42562
7776,48485
7787,130
7787,15528
7787,41201
7824,13685
7828,18413
7828,35734
7850,755
7852,17852
7856,14866
7856,19531
7858,42608
7859,4835
7859,33026
7877,2508
7877,9026
7877,30914
7877,37345
7877,47992
7884,42884
7897,41133
7897,48100
7899,2655
7899,39725
7902,47305
7909,34043
7912,19055
7912,34839
7912,45092
7969,37354
7970,10824
7970,37470
7974,3077
7974,20199
7990,12966
7990,16860
8009,40464
8023,24043
8023,26226
8026,22608
8040,20724
8040,21895
8040,33248
8045,39841
8052,15604
8052,37094
8056,12434
8056,37616
8065,9017
8075,15239
8075,37337
8109,26959
8113,27522
8135,9724
8135,33802
8135,43460
8151,6456
8151,13594
8151,18351
8172,22005
8172,23172
8223,27764
8230,1625
8267,44717
8273,13273
8273,18071
8273,28954
8273,29219
8281,20432
8297,8346
8297,18605
8323,44123
8323,46944
8328,25338
8328,26803
8346,8297
8346,18605
8346,23639
8358,40961
8363,9818
8363,42899
8446,3399
8495,38495
8515,2955
8515,20010
8515,40188
8527,20792
8527,46803
8548,23024
8565,12434
8565,14929
8565,19485
8565,20218
8565,31544
8565,45355
8584,47400
8594,47586
8597,29343
8607,1828
8616,30465
8619,21553
8658,4385
8658,34385
8658,34560
8658,44385
8661,35474
8667,34313
8711,5429
8713,48129
8724,10858
8730,141
8730,4067
8730,4189
8730,38504
8730,39761
8730,42358
8782,38069
8782,41906
8801,14948
8828,12691
8828,45158
8861,35637
8906,7383
8906,20557
8906,29978
8923,46261
8939,16115
8975,26264
8986,37618
9012,42697
9017,8065
9025,26888
9026,7877
9026,21157
9047,35739
9047,36147
9076,33467
9087,22224
9122,12836
9132,3291
9132,12585
9146,43334
9152,2523
9171,19171
9200,11003
9219,31306
9230,24115
9236,14586
9308,3062
9327,317
9327,15535
9327,18369
9327,30462
9327,37691
9335,21764
9335,22425
9370,736
9401,39165
9438,10208
9438,14995
9461,28062
9461,45046
9504,10062
9530,2536
9530,3399
9543,22847
9550,3697
9550,23697
9559,43758
9593,33859
9610,35636
9610,39340
9634,24674
9637,39637
9645,15339
9649,34649
9668,37608
9670,36383
9672,15092
9672,43302
9685,11001
9685,35182
9685,42994
9693,18071
9693,23932
9693,44679
9717,46992
9720,6064
9720,15675
9720,24449
9724,8135
9724,23478
9733,16315
9736,18763
9757,33037
9764,10897
9764,25897
9764,38828
9764,44764
9817,20165
9817,28815
9818,8363
9818,16247
9818,20724
9818,44006
9826,10150
9826,37315
9826,43993
9843,34974
9854,32144
9927,38382
9948,24277
9949,21656
9966,28406
9970,7669
9977,35664
9978,11828
9978,46263
9980,841
9980,5598
9984,4335
9984,21543
9984,42697
9997,34997
9997,42328
10003,5647
10003,41626
10005,24042
10006,7100
10006,35257
10006,44436
10010,2026
10010,18545
10010,44332
10011,24041
10011,35789
10026,23350
10034,18351
10050,46474
10062,9504
10062,30087
10062,41521
10074,42707
10078,40696
10078,43309
10092,7399
10094,18545
10098,18838
10098,22329
10100,23500
10104,6436
10104,17081
10104,20377
10104,26838
10104,40410
10104,41892
10137,37029
10137,39012
10142,21701
10145,6436
10145,37611
10145,42490
10150,9826
10150,39315
10177,25959
10208,9438
10208,46141
10248,42702
10255,4723
10255,43842
10255,45995
10272,12485
10276,7399
10276,38607
10318,15316
10322,17038
10322,21733
10322,22391
10328,40328
10330,40286
10335,18351
10371,23394
10402,2041
10402,29271
10411,37943
10416,19754
10416,48371
10440,4333
10440,30851
10440,42492
10479,26343
10479,33752
10479,46343
10498,16627
10498,18425
10550,18138
10563,26041
10571,37477
10590,37342
10598,48448
10617,34994
10617,40436
10617,43309
10664,664
10664,38564
10672,35438
10680,11285
10680,11754
10711,16527
10714,32971
10716,3804
10724,20880
10724,25201
10724,36398
10724,39135
10724,42089
10744,30744
10767,2700
10769,33839
10813,2399
10813,35584
10824,7970
10831,6309
10831,38629
10833,2364
10833,28552
10842,41230
10845,16175
10858,8724
10858,28951
10858,35505
10865,20108
10865,35484
10865,40207
10891,28039
10891,32767
10897,9764
10897,25897
10897,41173
10904,41094
10947,45947
10966,540
10968,41839
10970,33898
11001,9685
11001,38110
11003,9200
11006,27661
11006,37661
11006,42166
11035,18545
11035,34224
11035,34451
11040,28183
11103,21383
11116,26116
11116,39311
11121,37780
11130,13432
11130,35760
11130,45760
11151,29435
11191,28821
11193,25045
11198,6953
11214,42490
11258,44658
11269,39586
11283,13944
11285,10680
11285,21569
11285,41189
11326,31994
11359,27608
11376,28400
11394,12858
11394,16333
11406,1507
11406,4482
11406,42329
11433,42551
11441,46104
11454,33757
11461,16202
11461,20985
11461,38579
11467,13027
11467,16905
11473,39311
11473,46353
11474,23864
11478,2440
11497,4499
11497,22964
11497,37540
11516,12195
11529,12549
11529,14960
11529,16094
11529,33247
11541,25317
11541,27276
11548,12481
11565,16389
11565,24167
11614,1570
11632,30056
11632,45099
11642,21035
11660,5273
11660,17574
11661,28991
11661,42777
11673,3062
11673,19296
11676,31372
11678,12908
11678,16627
11712,32533
11754,10680
11754,16197
11754,19148
11757,4149
11758,2158
11828,9978
11846,28630
11862,25038
11881,14920
11881,19807
11906,15600
11913,17144
11974,4277
11979,37553
12027,26151
12049,38504
12058,18369
12091,18413
12091,22733
12103,32939
12182,37191
12192,31703
12195,11516
12220,37989
12224,3404
12224,7776
12224,12927
12224,13328
12224,32562
12224,42562
12230,39632
12266,42830
12290,20138
12294,15940
12337,14433
12337,27528
12337,44126
12340,39661
12349,24492
12399,5746
12399,13958
12399,28880
12399,44689
12433,38162
12434,8056
12434,8565
12434,20218
12435,21187
12443,21493
12455,29735
12464,32312
12465,37895
12481,11548
12485,7383
12485,7485
12485,10272
12485,27177
12485,37608
12485,45692
12519,40912
12526,36049
12533,37417
12534,35521
12535,17093
12549,11529
12577,3994
12577,13994
12578,48320
12585,9132
12585,13139
12585,37228
12592,18636
12604,882
12604,1319
12604,7604
12631,4313
12631,25167
12631,32631
12684,36383
12691,8828
12691,25081
12691,33606
12696,22194
12696,37801
12708,14929
12708,26180
12740,35710
12753,46678
12789,33473
12797,36098
12801,6492
12801,37801
12836,9122
12841,22591
12854,24420
12858,3466
12858,11394
12858,17067
12858,37067
12875,27391
12875,45082
12885,24793
12885,45537
12908,11678
12918,40205
12927,12224
12930,2096
12930,4384
12930,33606
12938,45027
12941,19055
12941,35423
12948,28406
12963,37584
12966,7990
12966,22132
12966,36278
13003,16711
13027,1522
13027,11467
13027,39149
13032,13045
13032,16250
13032,40493
13045,13032
13045,21285
13045,40014
13045,40493
13046,25430
13066,33989
13066,44086
13077,231
13079,22620
13079,41228
13091,475
13124,31634
13124,38124
13136,726
13139,12585
13162,24494
13226,20985
13240,23995
13241,38402
13241,41242
13258,1475
13273,8273
13304,36448
13328,12224
13328,14542
13380,20264
13380,33846
13380,38314
13380,39301
13402,25925
13432,11130
13432,31836
13440,40501
13440,41189
13440,43239
13492,27583
13504,3196
13504,42424
13526,27736
13526,31793
13531,3188
13531,35983
13554,31489
13583,5660
13585,19754
13585,21569
13594,8151
13685,7824
13685,47604
13708,26959
13734,43349
13741,6060
13741,26791
13750,7468
13750,15174
13750,15202
13750,19795
13753,24519
13754,23754
13779,23779
13832,16908
13862,32647
13862,43801
13892,38646
13897,14911
13910,24530
13910,33330
13910,33910
13915,5483
13915,24386
13915,24715
13915,46095
13944,11283
13944,20588
13944,35587
13956,28855
13958,12399
13988,24803
13990,7087
13993,20199
13994,3994
13994,12577
13994,36981
14028,28344
14043,6112
14070,16231
14070,20923
14082,1722
14094,48482
14130,21162
14156,908
14167,46050
14203,3630
14240,22700
14258,25073
14262,46219
14276,6389
14308,44689
14347,641
14382,22386
14433,12337
14440,6887
14453,25977
14453,27866
14453,39586
14453,43109
14466,26802
14481,22861
14484,34484
14522,7499
14522,37499
14522,43035
14522,46429
14527,3188
14542,13328
14542,47229
14550,41984
14586,9236
14594,22329
14598,15649
14598,34570
14630,30763
14644,46831
14646,3451
14676,7577
14687,28564
14700,24683
14701,3803
14701,34787
14719,19806
14724,29724
14758,36948
14765,44911
14768,21656
14768,22786
14794,20789
14794,21401
14794,27591
14794,31889
14808,31379
14815,6439
14819,6232
14819,16232
14819,34819
14825,32524
14825,37089
14825,40410
14825,47919
14849,21244
14854,35270
14866,309
14866,7856
14866,18116
14911,13897
14920,11881
14920,32416
14929,8565
14929,12708
14933,28007
14933,43483
14948,8801
14948,44771
14954,4484
14954,4489
14954,33211
14954,33606
14960,11529
14960,32647
14963,45660
14986,19986
14991,20840
14995,9438
15006,19965
15013,18749
15024,47363
15060,6879
15060,45060
15061,40061
15071,2076
15071,5071
15071,30615
15071,33320
15071,40207
15071,44500
15085,7730
15092,9672
15092,16319
15093,43303
15151,2012
15151,6821
15174,13750
15174,19359
15174,22248
15174,23807
15202,1717
15202,13750
15202,47535
15213,213
15213,18326
15213,45403
15239,8075
15289,18316
15316,10318
15336,2886
15339,9645
15360,21955
15362,35636
15362,42764
15362,43820
15363,5202
15363,44595
15370,29387
15396,29077
15414,22914
15431,48346
15440,15840
15440,41416
15453,40309
15457,27503
15462,25012
15465,3587
15465,6670
15465,40465
15492,5032
15492,26212
15492,27241
15512,43567
15528,7787
15528,46052
15535,9327
15538,40457
15540,2873
15540,20985
15540,45283
15557,39267
15570,21175
15600,11906
15600,46649
15604,8052
15637,4037
15637,44742
15649,14598
15649,34570
15675,9720
15675,18778
15675,42310
15691,2492
15698,27301
15709,36308
15716,4727
15750,35750
15750,37611
15750,44395
15832,2604
15840,15440
15844,41159
15858,40858
15862,32027
15872,23862
15872,40013
15873,39319
15890,47625
15905,44492
15905,47987
15934,45225
15939,21383
15939,38936
15940,12294
15950,36533
15960,1767
15960,32008
15960,41237
15979,23557
15991,41311
16035,46955
16036,22353
16036,40178
16036,44112
16046,1319
16046,4339
16046,43525
16046,45073
16052,6052
16052,20744
16094,11529
16094,26914
16115,8939
16150,25055
16175,10845
16197,11754
16202,11461
16202,38579
16202,44112
16209,17772
16231,14070
16231,25491
16231,32676
16232,6232
16232,14819
16232,34819
16247,9818
16247,30024
16247,41941
16250,13032
16250,23169
16250,33026
16256,19099
16256,48236
16296,38220
16300,17247
16303,6257
16310,17127
16310,44294
16315,9733
16319,15092
16319,21534
16319,28650
16333,2955
16333,11394
16340,3291
16342,34220
16368,21232
16368,43937
16389,7468
16389,11565
16399,26756
16464,4037
16464,4355
16464,37107
16466,26267
16470,41470
16475,5728
16502,33211
16502,35257
16520,23840
16527,10711
16531,1973
16531,29909
16540,1904
16540,16846
16540,47887
16558,26533
16558,38604
16580,5301
16616,3324
16616,24519
16627,5393
16627,10498
16627,11678
16627,30953
16627,35393
16645,43048
16646,26212
16699,35735
16711,13003
16730,19782
16741,20106
16743,20812
16754,39828
16773,20235
16777,1676
16777,41777
16781,45225
16788,35922
16810,3218
16810,5326
16846,16540
16846,36345
16847,269
16859,47321
16860,4199
16860,7990
16860,33761
16860,34103
16861,18209
16882,17749
16905,488
16905,11467
16905,47698
16908,13832
16969,7131
16969,17968
16969,21534
16969,30942
16969,37822
16969,47822
16970,28209
16975,46489
17006,29384
17030,42030
17038,10322
17038,37689
17038,39315
17049,30383
17049,34647
17049,42697
17067,12858
17067,37067
17073,45467
17081,10104
17081,27855
17081,35232
17081,35978
17081,45978
17081,46289
17093,12535
17095,21385
17095,33129
17109,42109
17127,16310
17144,11913
17144,18369
17156,18397
17158,1039
17158,2158
17162,4118
17162,30281
17247,16300
17247,22353
17247,29733
17276,6166
17291,7246
17291,38629
17335,47027
17346,30896
17346,32939
17346,37966
17346,43349
17346,46229
17350,36130
17350,39586
17439,34313
17449,29858
17449,42329
17455,37455
17463,35182
17463,43567
17484,28577
17484,42895
17504,26393
17504,47580
17514,32604
17516,39465
17517,5938
17527,34656
17574,6815
17574,11660
17574,46263
17614,1163
17642,20952
17642,36985
17645,40961
17656,33761
17656,40493
17657,30838
17663,46027
17698,24463
17700,25468
17702,35052
17734,4330
17734,4666
17734,19862
17734,24330
17740,24834
17744,44247
17749,16882
17772,16209
17785,46494
17798,21940
17851,39062
17852,7852
17881,29108
17895,20486
17920,27091
17920,47604
17968,4189
17968,16969
17968,30321
17974,31291
17974,36271
18017,4409
18027,30250
18032,27896
18037,4384
18071,8273
18071,9693
18071,44679
18101,40111
18116,14866
18116,23639
18138,10550
18152,33152
18180,28983
18188,42333
18188,44755
18196,28386
18197,21103
18197,41745
18209,16861
18219,37305
18247,33247
18261,19981
18282,27896
18282,46594
18298,6394
18298,44705
18316,15289
18326,15213
18328,43349
18346,23199
18351,8151
18351,10034
18351,10335
18369,9327
18369,12058
18369,17144
18374,22733
18397,17156
18413,7828
18413,12091
18425,10498
18432,6563
18525,21840
18525,37618
18537,117
18545,10010
18545,10094
18545,11035
18545,41906
18545,47080
18559,4034
18576,28576
18576,33980
18605,8297
18605,8346
18613,39045
18621,40749
18623,20265
18623,23166
18623,37327
18636,12592
18636,38371
18649,47229
18659,28659
18659,39742
18689,86
18695,37324
18709,38777
18712,38504
18726,19296
18733,4067
18733,37477
18749,7576
18749,15013
18755,23932
18763,9736
18770,20469
18778,15675
18778,45055
18818,33399
18838,10098
18838,46982
18841,19260
18850,31017
18850,42889
18855,24842
18865,30767
18873,29918
18900,21385
18916,36677
18941,4723
18941,40854
18954,37753
18978,5433
18987,26457
19013,27015
19055,7912
19055,12941
19055,44055
19055,44334
19055,45104
19058,3015
19098,35760
19098,45760
19099,16256
19118,27091
19133,31113
19148,11754
19148,38777
19166,2871
19171,9171
19183,48439
19202,5236
19260,18841
19267,20557
19267,33311
19292,4292
19296,11673
19296,18726
19312,1421
19312,20377
19312,38504
19356,24633
19359,15174
19359,19795
19359,23212
19359,26203
19396,37391
19396,42184
19485,8565
19485,26180
19488,22043
19494,7003
19494,20486
19494,23080
19494,39329
19500,38417
19508,20300
19531,7856
19550,7498
19568,20794
19582,45017
19583,31596
19604,31674
19677,29147
19690,24167
19690,35636
19690,42184
19690,44630
19710,4359
19710,30911
19742,44007
19754,6519
19754,10416
19754,13585
19754,23954
19767,4202
19767,45718
19773,38872
19779,34503
19782,4277
19782,16730
19795,13750
19795,19359
19795,30443
19802,3438
19806,14719
19807,11881
19841,22662
19844,43937
19862,4330
19862,17734
19862,24330
19862,28039
19862,32315
19889,39329
19930,3419
19939,20986
19948,45275
19963,46899
19965,15006
19973,39973
19981,18261
19986,14986
19987,21207
19987,24867
19987,44334
19996,7072
20010,8515
20047,3291
20047,5829
20047,27353
20047,33068
20086,37966
20106,16741
20108,10865
20108,35484
20138,12290
20138,26003
20144,7131
20144,20598
20144,47779
20161,4361
20165,9817
20165,28815
20188,2475
20188,30519
20188,32843
20199,7974
20199,13993
20216,2228
20216,21271
20216,35175
20218,8565
20218,12434
20218,23080
20218,40629
20235,16773
20235,45907
20264,5585
20264,13380
20264,35221
20265,18623
20268,22191
20268,42151
20268,45514
20300,19508
20354,3399
20354,48156
20377,10104
20377,19312
20399,25434
20432,8281
20441,30441
20469,18770
20486,17895
20486,19494
20528,38158
20553,6521
20557,3177
20557,8906
20557,19267
20557,29978
20557,40413
20557,43171
20573,20653
20588,2871
20588,13944
20589,5433
20598,20144
20608,31680
20622,5915
20630,21543
20630,36496
20645,47941
20653,20573
20660,5660
20677,21733
20695,3519
20709,23125
20710,882
20710,42089
20717,25045
20717,33748
20717,34685
20718,39340
20724,8040
20724,9818
20724,45201
20744,101
20744,6052
20744,16052
20744,24791
20744,37722
20789,14794
20792,8527
20792,33041
20792,41145
20794,19568
20806,46478
20812,16743
20812,42838
20819,23119
20819,45467
20821,35471
20836,31064
20840,2812
20840,14991
20861,29927
20869,25190
20875,23573
20876,24089
20880,10724
20912,22322
20912,44112
20923,14070
20952,17642
20982,23036
20985,11461
20985,13226
20985,15540
20986,19939
21035,11642
21072,22248
21095,43600
21103,18197
21124,41122
21149,6149
21157,9026
21162,14130
21162,24080
21175,15570
21176,29441
21176,37470
21187,12435
21204,28033
21207,19987
21207,37796
21207,44334
21214,47453
21232,16368
21232,40714
21232,43937
21244,14849
21258,27286
21261,26762
21261,38593
21261,47653
21271,20216
21285,13045
21295,28247
21301,32870
21303,28821
21333,7223
21350,45162
21354,42860
21383,11103
21383,15939
21385,17095
21385,18900
21385,40209
21399,25226
21401,14794
21407,39668
21425,29724
21455,34220
21455,35257
21455,37875
21465,38325
21473,32422
21478,33396
21493,12443
21505,29618
21533,47898
21534,6534
21534,16319
21534,16969
21534,28042
21543,6543
21543,9984
21543,20630
21543,37443
21547,27661
21547,37661
21553,8619
21569,11285
21569,13585
21569,26852
21596,488
21596,37228
21610,3601
21610,23109
21656,9949
21656,14768
21695,44433
21701,10142
21712,37864
21733,10322
21733,20677
21733,39462
21764,9335
21764,26457
21796,36744
21798,46258
21840,18525
21840,33320
21843,48337
21876,1961
21895,8040
21895,33370
21940,17798
21952,25923
21954,3080
21954,46608
21955,15360
21973,27572
22005,8172
22005,26746
22043,156
22043,19488
22132,12966
22133,47708
22191,20268
22191,39267
22192,5898
22194,4603
22194,12696
22194,22428
22194,33311
22194,35369
22220,23476
22220,27949
22224,9087
22224,48232
22229,28007
22229,28951
22229,39182
22229,48075
22231,3021
22248,15174
22248,21072
22248,23807
22248,31701
22248,31994
22248,38793
22284,31426
22297,6409
22322,20912
22329,10098
22329,14594
22329,27596
22343,37722
22353,16036
22353,17247
22380,27380
22380,33211
22386,14382
22386,37854
22390,6363
22391,10322
22425,9335
22428,22194
22436,6532
22447,39936
22447,41608
22462,969
22499,3796
22514,40013
22529,46157
22534,1613
22534,46555
22588,7547
22591,12841
22595,38014
22595,44833
22608,8026
22620,13079
22620,39350
22662,19841
22689,33952
22689,37689
22700,14240
22706,39027
22719,31446
22730,29733
22730,37716
22733,12091
22733,18374
22733,39058
22733,47977
22752,2012
22786,14768
22786,32326
22786,33640
22786,41311
22809,1321
22824,35887
22847,9543
22861,14481
22862,24748
22902,28589
22914,15414
22914,24391
22914,27736
22921,34834
22931,42096
22963,25235
22963,25406
22963,26236
22964,11497
22973,46407
22987,2718
22987,39586
23003,3494
23017,28017
23019,28258
23019,45520
23024,8548
23036,20982
23078,30973
23080,19494
23080,20218
23080,34997
23109,21610
23116,31924
23119,7408
23119,20819
23125,20709
23129,27095
23129,31626
23144,46089
23156,38078
23157,34698
23157,41255
23166,3976
23166,18623
23167,42472
23169,6984
23169,16250
23169,23287
23169,36316
23172,8172
23176,32595
23176,43140
23179,28104
23199,18346
23212,19359
23216,3529
23216,25183
23216,35413
23216,43529
23260,42380
23287,23169
23287,36316
23292,36128
23296,39541
23300,4410
23313,41717
23331,6181
23331,6236
23331,43331
23350,10026
23375,3180
23386,31556
23394,10371
23417,33715
23476,22220
23478,7235
23478,9724
23500,10100
23505,42416
23508,39287
23509,23564
23527,29444
23527,39444
23535,4440
23557,15979
23564,23509
23564,28317
23573,20875
23598,41548
23639,8346
23639,18116
23657,26236
23657,41016
23682,2007
23688,35715
23697,269
23697,3697
23697,9550
23701,1691
23713,7576
23713,41829
23715,47396
23754,13754
23767,38591
23779,13779
23788,24618
23794,35945
23799,7512
23805,33805
23807,15174
23807,22248
23807,36398
23837,39020
23840,16520
23840,30723
23860,38646
23862,292
23862,15872
23862,31648
23864,11474
23895,32236
23918,41319
23920,33599
23932,9693
23932,18755
23954,19754
23954,24393
23954,28954
23954,32625
23954,47625
23961,33311
23961,35978
23961,45978
23972,27565
23976,33097
23995,13240
24036,31379
24036,42421
24041,4333
24041,10011
24042,10005
24042,37593
24043,7270
24043,8023
24080,21162
24089,20876
24115,9230
24133,5202
24133,43434
24137,37324
24160,39272
24166,247
24166,37342
24167,11565
24167,19690
24167,27380
24168,5038
24184,34161
24184,40512
24184,46594
24231,24916
24277,9948
24330,4330
24330,17734
24330,19862
24343,4584
24343,30462
24344,32983
24386,5483
24386,13915
24391,22914
24391,40395
24391,44569
24393,23954
24393,29721
24393,36831
24420,12854
24449,9720
24463,17698
24492,12349
24492,41626
24494,13162
24509,34605
24513,6347
24519,13753
24519,16616
24519,29858
24530,13910
24530,33399
24530,33910
24546,33941
24560,4578
24574,28448
24574,38448
24618,23788
24633,19356
24674,9634
24675,40209
24683,14700
24683,44410
24685,28686
24715,13915
24715,33793
24731,5730
24731,30407
24744,25258
24748,22862
24763,7604
24785,26746
24791,20744
24793,5065
24793,6468
24793,12885
24801,969
24801,42565
24801,43309
24803,13988
24809,44523
24834,17740
24842,18855
24867,19987
24870,48109
24883,540
24883,4385
24883,34385
24883,44385
24913,7655
24913,32390
24913,40035
24916,24231
24984,44182
24987,6456
24987,27391
25012,15462
25026,28461
25038,11862
25045,11193
25045,20717
25045,31328
25055,16150
25055,31308
25066,6456
25066,48218
25073,14258
25081,12691
25083,48354
25123,4402
25167,12631
25167,27873
25167,32631
25175,26339
25175,33304
25175,38357
25179,30541
25183,23216
25183,37917
25183,41648
25190,20869
25201,10724
25201,26203
25226,21399
25231,27169
25235,22963
25258,24744
25285,2500
25285,4339
25285,42697
25299,6520
25317,1039
25317,4118
25317,11541
25317,38110
25338,8328
25338,31739
25375,36303
25375,43048
25395,46360
25406,22963
25406,28966
25406,36191
25430,13046
25434,20399
25434,39319
25435,292
25435,2718
25435,45467
25468,17700
25491,16231
25491,48114
25496,25793
25497,26803
25534,36519
25540,33473
25550,41548
25635,6088
25662,35930
25684,26397
25724,3529
25724,43529
25724,44897
25728,1583
25781,36060
25793,25496
25793,37593
25830,36472
25831,36677
25838,32008
25876,44225
25897,9764
25897,10897
25897,38607
25897,46519
25923,21952
25925,13402
25925,29681
25936,45996
25944,37456
25944,37557
25949,40854
25949,45403
25956,340
25959,10177
25964,44999
25977,14453
25977,37239
25977,45606
25994,41719
26000,4686
26000,48232
26003,20138
26034,48499
26041,10563
26082,2486
26086,33559
26096,37438
26116,11116
26130,33239
26130,47650
26151,12027
26151,48034
26169,28396
26180,12708
26180,19485
26203,19359
26203,25201
26212,15492
26212,16646
26212,39586
26216,38024
26226,8023
26226,32918
26236,22963
26236,23657
26236,45322
26239,29083
26264,8975
26267,16466
26284,37375
26317,3435
26339,25175
26343,10479
26343,41159
26343,44742
26343,46343
26393,17504
26393,39363
26397,25684
26407,35052
26457,2245
26457,18987
26457,21764
26473,39480
26481,40127
26489,3080
26489,30390
26509,38093
26509,38445
26533,16558
26533,30623
26533,47996
26547,36942
26559,28489
26568,4711
26677,43112
26712,742
26712,7730
26746,22005
26746,24785
26746,40178
26756,1973
26756,16399
26762,21261
26762,40547
26771,27331
26791,269
26791,4446
26791,13741
26791,32725
26791,40992
26802,14466
26803,8328
26803,25497
26803,35345
26838,10104
26852,21569
26868,1562
26888,9025
26896,7177
26914,16094
26940,4708
26954,43080
26959,4316
26959,8109
26959,13708
26992,5687
26992,40513
27012,2012
27012,34567
27015,19013
27091,17920
27091,19118
27091,39572
27091,44044
27095,23129
27119,7119
27119,34372
27122,36248
27122,41282
27147,297
27149,45376
27160,30541
27160,38095
27161,37854
27165,42165
27169,25231
27169,34056
27169,34320
27177,12485
27180,1676
27208,625
27208,47208
27211,42239
27239,3200
27241,5032
27241,15492
27243,654
27243,33606
27258,41237
27266,42266
27276,11541
27286,21258
27286,40112
27301,15698
27331,26771
27331,45271
27347,42930
27353,20047
27353,40975
27380,4489
27380,22380
27380,24167
27380,43483
27391,12875
27391,24987
27467,7467
27486,46629
27503,15457
27506,6389
27522,8113
27528,12337
27531,36107
27547,40558
27547,47588
27552,28301
27565,23972
27572,21973
27583,13492
27591,14794
27596,22329
27601,37118
27608,11359
27613,41874
27661,11006
27661,21547
27661,33320
27661,37661
27661,47698
27719,32196
27719,43171
27729,43159
27733,46158
27736,13526
27736,22914
27736,35221
27736,41975
27736,48104
27741,36746
27752,3690
27764,8223
27790,45017
27803,46982
27828,46263
27849,521
27849,46857
27855,2364
27855,17081
27866,6668
27866,14453
27866,37239
27866,42239
27873,25167
27873,46229
27873,46393
27878,37878
27878,41960
27896,18032
27896,18282
27903,34710
27949,22220
27949,35870
27965,32965
28007,14933
28007,22229
28007,33825
28007,39182
28016,33757
28017,23017
28019,28151
28033,21204
28033,44007
28039,10891
28039,19862
28039,32236
28039,39272
28042,7499
28042,21534
28042,37499
28062,7522
28062,9461
28084,33907
28104,23179
28151,28019
28153,48363
28183,11040
28209,16970
28216,43546
28223,6242
28223,36061
28247,21295
28247,43050
28258,3528
28258,23019
28297,34601
28301,27552
28313,1960
28313,4917
28313,28753
28317,23564
28319,33247
28319,42420
28344,14028
28386,18196
28390,246
28396,26169
28396,33396
28400,11376
28406,9966
28406,12948
28406,31041
28406,39293
28419,39986
28448,24574
28448,28493
28448,38448
28448,46346
28455,33551
28461,25026
28471,736
28489,26559
28493,28448
28493,38448
28543,41643
28552,10833
28558,45201
28564,14687
28567,39217
28567,42096
28567,43480
28576,18576
28576,33980
28577,17484
28577,34313
28577,35739
28577,42982
28589,22902
28622,29028
28622,30885
28622,46656
28630,11846
28630,40961
28643,28753
28643,47133
28650,16319
28650,35413
28655,44508
28659,18659
28659,39742
28675,7522
28686,24685
28742,41149
28753,28313
28753,28643
28753,47835
28815,9817
28815,20165
28821,11191
28821,21303
28821,41960
28855,13956
28880,12399
28880,30359
28951,10858
28951,22229
28951,34781
28954,8273
28954,23954
28954,31648
28966,25406
28966,40785
28983,18180
28991,11661
29028,28622
29028,46656
29034,35664
29069,32983
29069,39069
29069,44630
29077,15396
29083,26239
29108,6634
29108,17881
29147,19677
29187,34187
29192,41402
29207,29792
29207,44763
29219,8273
29260,1013
29271,10402
29271,47500
29308,6166
29343,8597
29343,39239
29384,1583
29384,17006
29384,39270
29387,15370
29391,2732
29411,35617
29411,36447
29435,11151
29441,5320
29441,7235
29441,21176
29442,37557
29444,23527
29444,39444
29462,31709
29485,39062
29497,1985
29498,4199
29538,36596
29618,21505
29681,25925
29715,30281
29715,42230
29715,45099
29721,24393
29724,14724
29724,21425
29725,38382
29725,40234
29733,17247
29733,22730
29735,12455
29792,29207
29795,33750
29800,36942
29810,3608
29810,31380
29854,44854
29858,17449
29858,24519
29858,40572
29909,16531
29918,18873
29927,6486
29927,20861
29927,37174
29927,43306
29927,47653
29978,8906
29978,20557
29978,30615
29978,35232
29978,40180
29978,43318
29995,37438
29995,44491
29999,392
29999,40392
30024,16247
30036,43658
30038,37611
30038,44007
30038,44727
30042,30942
30042,34997
30042,46927
30049,40049
30050,33849
30056,4107
30056,11632
30056,48371
30066,30408
30087,10062
30127,36481
30127,45311
30133,3976
30186,45701
30193,37214
30250,18027
30281,17162
30281,29715
30310,30470
30319,35319
30321,17968
30321,40180
30338,45338
30359,28880
30381,33315
30383,17049
30383,38858
30390,26489
30407,24731
30408,410
30408,30066
30412,35769
30438,5834
30441,20441
30443,19795
30443,31766
30462,9327
30462,24343
30465,8616
30470,30310
30477,44508
30510,47453
30519,20188
30541,5746
30541,25179
30541,27160
30543,37760
30548,48337
30555,45555
30615,5071
30615,15071
30615,29978
30623,26533
30709,3975
30723,23840
30730,31594
30741,33424
30744,10744
30763,14630
30767,350
30767,18865
30838,6569
30838,17657
30851,10440
30885,28622
30885,45885
30892,37897
30896,17346
30911,19710
30914,7877
30914,44374
30916,5916
30931,47138
30942,16969
30942,30042
30953,16627
30962,1350
30973,23078
31017,5267
31017,18850
31041,28406
31055,36642
31064,20836
31068,34355
31077,32164
31094,46199
31113,19133
31147,41923
31152,1850
31175,39761
31197,34834
31197,43480
31233,33248
31243,42626
31251,918
31254,1194
31254,5176
31272,43171
31272,47977
31274,38818
31291,17974
31291,35298
31291,45692
31300,42617
31306,9219
31308,7246
31308,25055
31308,36308
31328,25045
31372,11676
31379,14808
31379,24036
31380,29810
31383,43228
31426,22284
31441,44086
31446,22719
31461,38097
31489,13554
31489,37593
31519,7131
31519,44007
31544,7577
31544,8565
31544,31670
31556,23386
31594,30730
31596,19583
31626,23129
31626,44492
31626,45647
31634,2041
31634,13124
31648,23862
31648,28954
31648,39356
31655,41252
31670,31544
31674,6898
31674,19604
31680,20608
31701,22248
31703,12192
31709,29462
31725,1756
31725,43937
31739,4383
31739,25338
31739,34763
31766,30443
31786,43801
31793,13526
31793,46728
31818,1818
31836,13432
31842,3976
31842,42353
31889,14794
31896,7577
31924,23116
31926,36926
31927,36202
31929,34618
31941,36926
31959,6520
31980,1134
31981,37142
31994,11326
31994,22248
31994,33761
32003,39841
32008,15960
32008,25838
32011,37011
32027,15862
32027,42994
32065,42601
32093,35125
32102,35417
32144,9854
32148,2894
32150,45558
32150,46955
32164,31077
32196,27719
32217,2732
32217,33255
32217,46494
32236,23895
32236,28039
32301,2815
32312,12464
32315,19862
32326,22786
32390,7655
32390,24913
32416,14920
32422,21473
32493,7398
32524,14825
32533,130
32533,3404
32533,11712
32533,41201
32558,40480
32562,1355
32562,7776
32562,12224
32562,42562
32567,35731
32569,39247
32595,5744
32595,23176
32604,17514
32611,32939
32611,37611
32616,44782
32625,23954
32625,47625
32631,4313
32631,12631
32631,25167
32647,13862
32647,14960
32676,16231
32686,3438
32690,35298
32719,41078
32725,26791
32727,36462
32749,3435
32767,10891
32769,42253
32832,37257
32832,42494
32843,2475
32843,20188
32843,33370
32870,21301
32871,45059
32918,26226
32939,12103
32939,17346
32939,32611
32939,35930
32965,27965
32971,10714
32981,43228
32981,44207
32983,24344
32983,29069
32983,39069
33026,7859
33026,16250
33037,9757
33041,20792
33068,20047
33090,1947
33091,35127
33097,23976
33126,41744
33129,5320
33129,17095
33129,48129
33152,18152
33178,47047
33203,5829
33203,37857
33211,1530
33211,2096
33211,14954
33211,16502
33211,22380
33230,37044
33234,4712
33235,45073
33236,6409
33236,34218
33239,26130
33247,11529
33247,18247
33247,28319
33247,47975
33248,8040
33248,31233
33255,32217
33289,39183
33292,41201
33304,25175
33311,4603
33311,19267
33311,22194
33311,23961
33311,45105
33311,47164
33315,30381
33315,46720
33320,2076
33320,5071
33320,15071
33320,21840
33320,27661
33320,37661
33330,13910
33330,33910
33370,21895
33370,32843
33396,21478
33396,28396
33396,47987
33399,18818
33399,24530
33399,36627
33424,30741
33467,9076
33473,12789
33473,25540
33509,4907
33516,48110
33542,40188
33551,28455
33559,26086
33599,23920
33606,12691
33606,12930
33606,14954
33606,27243
33640,22786
33640,35191
33670,488
33670,45863
33675,3408
33675,36271
33683,5203
33683,39016
33698,42049
33709,36681
33715,23417
33724,2047
33724,34712
33724,45022
33748,20717
33748,38767
33748,40207
33750,29795
33752,10479
33752,38802
33757,11454
33757,28016
33761,3255
33761,16860
33761,17656
33761,31994
33761,42310
33793,24715
33802,8135
33805,23805
33825,28007
33825,36278
33825,36398
33839,10769
33846,13380
33849,30050
33859,9593
33863,38593
33865,37005
33865,38865
33898,10970
33907,28084
33910,13910
33910,24530
33910,33330
33941,24546
33952,22689
33980,18576
33980,28576
33989,13066
34043,7909
34056,27169
34056,45104
34090,3803
34103,1625
34103,16860
34154,44764
34161,2673
34161,24184
34161,44176
34187,29187
34189,39855
34218,33236
34218,46229
34220,16342
34220,21455
34224,11035
34224,47698
34243,47506
34289,44876
34299,41643
34313,8667
34313,17439
34313,28577
34313,37676
34313,42982
34320,27169
34320,36355
34320,48034
34355,31068
34372,7119
34372,27119
34385,4385
34385,8658
34385,24883
34385,44385
34385,46079
34395,1435
34430,47138
34451,11035
34451,40436
34479,6720
34479,46949
34484,14484
34499,45725
34503,19779
34518,35427
34518,42487
34540,2550
34560,8658
34567,27012
34567,48114
34570,14598
34570,15649
34601,28297
34605,24509
34618,31929
34647,6984
34647,17049
34647,38858
34647,41984
34649,9649
34656,17527
34685,219
34685,20717
34685,35978
34685,45978
34698,5041
34698,23157
34710,27903
34712,33724
34712,45022
34763,31739
34763,45555
34781,28951
34787,14701
34799,2604
34819,6232
34819,14819
34819,16232
34820,41626
34820,42413
34831,43171
34834,22921
34834,31197
34834,35345
34839,90
34839,7912
34839,41423
34843,3177
34843,46079
34886,3325
34974,9843
34994,10617
34997,4603
34997,9997
34997,23080
34997,30042
35032,2116
35052,17702
35052,26407
35052,35243
35103,42577
35124,6113
35125,32093
35127,33091
35175,20216
35175,46843
35182,9685
35182,17463
35182,42392
35191,33640
35191,35718
35221,20264
35221,27736
35226,5114
35232,17081
35232,29978
35243,35052
35243,36145
35243,37956
35257,10006
35257,16502
35257,21455
35270,14854
35275,44026
35298,31291
35298,32690
35298,39129
35319,30319
35319,42492
35345,26803
35345,34834
35345,40345
35369,553
35369,22194
35393,5393
35393,16627
35413,23216
35413,28650
35413,40413
35417,32102
35423,12941
35423,39135
35427,34518
35428,4758
35438,10672
35471,2963
35471,20821
35474,8661
35477,40798
35484,553
35484,10865
35484,20108
35494,3745
35494,39135
35505,10858
35521,5202
35521,12534
35584,10813
35584,40345
35587,13944
35587,39668
35616,5132
35617,29411
35636,9610
35636,15362
35636,19690
35636,46469
35637,8861
35640,41975
35664,9977
35664,29034
35678,40558
35682,727
35710,12740
35715,23688
35718,35191
35718,36912
35727,48449
35731,32567
35734,1163
35734,7828
35735,16699
35739,9047
35739,28577
35750,15750
35750,37611
35750,44395
35760,11130
35760,19098
35760,45760
35769,30412
35773,45916
35789,10011
35789,48485
35860,4093
35870,27949
35887,22824
35922,7060
35922,16788
35930,5829
35930,25662
35930,32939
35945,4515
35945,23794
35951,5951
35978,17081
35978,23961
35978,34685
35978,36150
35978,45978
35983,7053
35983,13531
35999,7060
35999,48486
36033,36412
36049,12526
36060,25781
36061,28223
36061,38604
36086,37876
36098,4723
36098,12797
36098,48112
36107,27531
36123,46307
36128,23292
36130,17350
36130,43239
36130,45201
36145,35243
36147,9047
36147,42835
36150,35978
36150,45978
36191,25406
36191,41133
36202,31927
36202,40309
36248,27122
36271,17974
36271,33675
36271,44332
36278,12966
36278,33825
36290,37839
36303,25375
36308,15709
36308,31308
36308,42860
36316,4636
36316,23169
36316,23287
36345,16846
36355,34320
36355,41412
36355,45158
36383,9670
36383,12684
36398,10724
36398,23807
36398,33825
36412,36033
36412,41412
36447,29411
36448,1049
36448,13304
36462,3308
36462,32727
36472,25830
36481,30127
36496,20630
36496,40493
36519,25534
36519,37324
36526,569
36533,15950
36555,5342
36596,29538
36627,33399
36642,31055
36671,4368
36677,18916
36677,25831
36681,33709
36725,41906
36744,3275
36744,21796
36746,27741
36755,40628
36777,43085
36831,24393
36859,46697
36869,43008
36912,35718
36926,31926
36926,31941
36937,676
36940,43755
36942,26547
36942,29800
36948,14758
36948,37022
36981,3994
36981,13994
36985,17642
36985,44786
37005,33865
37005,40603
37011,32011
37020,278
37020,37998
37020,38579
37020,39135
37022,36948
37029,10137
37044,33230
37067,12858
37067,17067
37089,14825
37089,38238
37089,43629
37094,8052
37107,16464
37107,38339
37118,27601
37118,41731
37142,31981
37174,29927
37191,12182
37201,2047
37201,46275
37214,2113
37214,30193
37214,37943
37228,12585
37228,21596
37228,39761
37228,41929
37239,25977
37239,27866
37239,42239
37257,32832
37305,18219
37305,38981
37315,9826
37324,1450
37324,18695
37324,24137
37324,36519
37327,7500
37327,18623
37337,8075
37342,10590
37342,24166
37342,44679
37342,45316
37345,7877
37354,7969
37375,6327
37375,26284
37391,19396
37391,37875
37391,43820
37417,12533
37419,39789
37438,26096
37438,29995
37443,21543
37455,17455
37456,1421
37456,25944
37470,7970
37470,21176
37477,7335
37477,10571
37477,18733
37483,3255
37483,41535
37499,7499
37499,14522
37499,28042
37540,11497
37553,11979
37557,25944
37557,29442
37566,6456
37584,4208
37584,12963
37584,47400
37593,24042
37593,25793
37593,31489
37604,44763
37608,9668
37608,12485
37611,10145
37611,15750
37611,30038
37611,32611
37611,35750
37611,43112
37616,8056
37618,8986
37618,18525
37618,42490
37618,47779
37623,41053
37661,11006
37661,21547
37661,27661
37661,33320
37661,47698
37676,34313
37689,17038
37689,22689
37691,9327
37691,42424
37716,22730
37716,48386
37722,20744
37722,22343
37722,39350
37722,42424
37739,3323
37753,18954
37760,30543
37770,43567
37774,39356
37780,11121
37796,2487
37796,2873
37796,21207
37801,5203
37801,12696
37801,12801
37822,16969
37822,47822
37839,36290
37846,6576
37854,22386
37854,27161
37857,540
37857,33203
37857,41892
37864,21712
37864,39826
37864,45208
37868,5948
37875,21455
37875,37391
37876,36086
37878,27878
37878,41960
37893,46923
37895,12465
37897,30892
37917,25183
37928,317
37928,2312
37943,10411
37943,37214
37956,35243
37966,17346
37966,20086
37966,40696
37978,46281
37989,12220
37998,278
37998,37020
37998,38579
38014,22595
38024,26216
38026,4355
38037,844
38067,3306
38069,2894
38069,8782
38078,23156
38093,26509
38095,27160
38095,42328
38097,31461
38110,1039
38110,11001
38110,25317
38115,40080
38124,13124
38158,20528
38162,12433
38220,4122
38220,16296
38238,37089
38238,38767
38238,46393
38314,13380
38314,44755
38325,21465
38332,44763
38339,37107
38357,25175
38371,18636
38382,9927
38382,29725
38402,4333
38402,13241
38417,19500
38417,38724
38445,26509
38448,24574
38448,28448
38448,28493
38448,46346
38456,5433
38456,46656
38495,8495
38504,141
38504,8730
38504,12049
38504,18712
38504,19312
38564,664
38564,3564
38564,10664
38564,44687
38579,278
38579,1104
38579,11461
38579,16202
38579,37020
38579,37998
38591,23767
38593,21261
38593,33863
38593,39149
38603,1266
38604,16558
38604,36061
38607,10276
38607,25897
38621,43621
38629,10831
38629,17291
38646,13892
38646,23860
38724,38417
38767,33748
38767,38238
38777,7551
38777,18709
38777,19148
38793,22248
38802,33752
38818,31274
38828,9764
38858,30383
38858,34647
38858,44772
38865,33865
38865,45475
38872,19773
38872,40180
38903,3528
38908,2136
38908,4526
38936,15939
38981,37305
39012,1839
39012,10137
39016,5203
39016,33683
39020,23837
39027,22706
39027,40696
39045,18613
39058,22733
39060,3319
39062,17851
39062,29485
39069,29069
39069,32983
39069,44630
39129,35298
39135,10724
39135,35423
39135,35494
39135,37020
39149,1522
39149,13027
39149,38593
39149,40696
39149,48218
39165,9401
39173,46457
39182,22229
39182,28007
39183,33289
39202,41361
39217,197
39217,28567
39217,43480
39239,29343
39239,47200
39240,43249
39247,32569
39247,42702
39267,15557
39267,22191
39270,7576
39270,29384
39272,24160
39272,28039
39272,45537
39287,23508
39293,28406
39294,3275
39298,6857
39301,3853
39301,13380
39311,11116
39311,11473
39315,10150
39315,17038
39315,40783
39319,15873
39319,25434
39329,19494
39329,19889
39340,9610
39340,20718
39340,44772
39348,41892
39350,22620
39350,37722
39356,31648
39356,37774
39363,26393
39391,7377
39444,23527
39444,29444
39462,21733
39465,17516
39480,26473
39523,42697
39523,46279
39541,23296
39542,45812
39572,27091
39579,4484
39586,5744
39586,11269
39586,14453
39586,17350
39586,22987
39586,26212
39620,4558
39632,12230
39637,9637
39661,4405
39661,12340
39668,21407
39668,35587
39677,40449
39692,43778
39725,7899
39742,18659
39742,28659
39761,8730
39761,31175
39761,37228
39789,37419
39826,37864
39828,16754
39841,8045
39841,32003
39853,43112
39855,34189
39859,48448
39881,39926
39881,40785
39926,39881
39936,22447
39973,19973
39986,28419
39989,2978
40013,15872
40013,22514
40014,13045
40035,3239
40035,24913
40049,30049
40051,4450
40061,15061
40080,38115
40111,18101
40112,27286
40112,42028
40119,45082
40119,45692
40127,5639
40127,26481
40178,16036
40178,26746
40180,29978
40180,30321
40180,38872
40180,41648
40188,8515
40188,33542
40188,47475
40205,12918
40207,5071
40207,10865
40207,15071
40207,33748
40209,21385
40209,24675
40234,29725
40286,10330
40309,15453
40309,36202
40313,43349
40313,46656
40319,1311
40328,10328
40345,35345
40345,35584
40345,44614
40392,392
40392,29999
40395,24391
40410,219
40410,6492
40410,10104
40410,14825
40410,47653
40413,20557
40413,35413
40436,3291
40436,10617
40436,34451
40449,1013
40449,39677
40457,15538
40457,47535
40464,8009
40465,15465
40480,32558
40480,42617
40480,47681
40493,7287
40493,13032
40493,13045
40493,17656
40493,36496
40493,46993
40501,13440
40506,5498
40512,24184
40513,26992
40514,3745
40514,46279
40522,1705
40541,43460
40547,338
40547,918
40547,26762
40558,27547
40558,35678
40558,42841
40572,29858
40576,1538
40576,41213
40603,37005
40608,1973
40623,5859
40628,36755
40629,20218
40696,3529
40696,10078
40696,37966
40696,39027
40696,39149
40696,42490
40696,43529
40714,5032
40714,21232
40749,18621
40777,1772
40783,7500
40783,39315
40785,28966
40785,39881
40798,35477
40815,3803
40854,18941
40854,25949
40858,15858
40912,12519
40921,5538
40961,8358
40961,17645
40961,28630
40961,48439
40975,27353
40975,46393
40989,41648
40989,45022
40992,26791
41007,3319
41007,42063
41007,44247
41016,2812
41016,23657
41016,44491
41028,7138
41028,7246
41053,37623
41053,41929
41057,4189
41078,32719
41094,10904
41115,42939
41122,21124
41133,7897
41133,36191
41145,20792
41149,28742
41159,317
41159,15844
41159,26343
41159,46343
41161,42176
41173,10897
41189,11285
41189,13440
41189,42794
41201,7787
41201,32533
41201,33292
41213,40576
41213,46857
41213,48001
41228,13079
41230,10842
41237,1767
41237,15960
41237,27258
41237,45916
41242,3942
41242,13241
41252,31655
41255,23157
41282,27122
41311,15991
41311,22786
41319,23918
41358,1203
41361,39202
41402,29192
41406,4383
41412,36355
41412,36412
41415,47700
41416,15440
41423,34839
41423,46488
41423,47191
41454,6449
41470,16470
41521,894
41521,10062
41535,37483
41548,23598
41548,25550
41570,6560
41608,22447
41608,46608
41626,2337
41626,5647
41626,10003
41626,24492
41626,34820
41643,28543
41643,34299
41648,25183
41648,40180
41648,40989
41669,97
41669,48114
41717,23313
41719,25994
41731,37118
41744,5498
41744,33126
41745,18197
41777,16777
41785,6432
41829,23713
41829,41958
41839,10968
41847,742
41854,3838
41854,4301
41854,7522
41874,27613
41892,540
41892,3291
41892,10104
41892,37857
41892,39348
41906,8782
41906,18545
41906,36725
41918,46982
41923,31147
41929,1570
41929,37228
41929,41053
41941,16247
41941,43460
41958,41829
41960,2337
41960,4584
41960,27878
41960,28821
41960,37878
41975,27736
41975,35640
41984,6984
41984,14550
41984,34647
42028,40112
42030,4301
42030,17030
42030,44771
42049,33698
42063,41007
42089,10724
42089,20710
42096,22931
42096,28567
42096,44339
42109,17109
42136,45021
42151,4107
42151,20268
42165,27165
42166,11006
42176,41161
42184,131
42184,19396
42184,19690
42230,29715
42237,2455
42239,27211
42239,27866
42239,37239
42239,47351
42253,32769
42266,27266
42305,47305
42310,15675
42310,33761
42328,9997
42328,38095
42329,11406
42329,17449
42329,42392
42333,4758
42333,18188
42353,31842
42358,8730
42380,23260
42392,35182
42392,42329
42392,43239
42413,34820
42416,23505
42420,28319
42420,44328
42421,24036
42424,13504
42424,37691
42424,37722
42458,47887
42472,23167
42487,34518
42490,10145
42490,11214
42490,37618
42490,40696
42492,10440
42492,35319
42494,32832
42495,3239
42495,4907
42496,5436
42551,7551
42551,11433
42551,43239
42562,1355
42562,7776
42562,12224
42562,32562
42565,5274
42565,24801
42571,46967
42577,35103
42601,32065
42608,7858
42617,2109
42617,2228
42617,31300
42617,40480
42617,45576
42617,45874
42626,7235
42626,31243
42697,9012
42697,9984
42697,17049
42697,25285
42697,39523
42702,10248
42702,39247
42707,10074
42764,2871
42764,15362
42777,11661
42794,41189
42816,1049
42830,12266
42835,292
42835,2718
42835,36147
42838,20812
42841,40558
42859,1640
42859,6149
42860,21354
42860,36308
42884,7884
42889,18850
42895,17484
42895,47588
42899,8363
42930,27347
42939,41115
42982,7408
42982,28577
42982,34313
42989,2120
42989,3324
42994,9685
42994,32027
42997,6764
43008,36869
43035,14522
43048,16645
43048,25375
43050,28247
43050,47863
43080,26954
43080,47229
43085,36777
43109,14453
43112,26677
43112,37611
43112,39853
43131,3131
43140,23176
43140,46140
43159,27729
43171,20557
43171,27719
43171,31272
43171,34831
43171,45355
43185,45637
43209,2838
43228,31383
43228,32981
43239,86
43239,3289
43239,13440
43239,36130
43239,42392
43239,42551
43249,39240
43302,9672
43303,15093
43306,29927
43306,46429
43309,10078
43309,10617
43309,24801
43318,5746
43318,29978
43331,6181
43331,6236
43331,23331
43334,9146
43349,13734
43349,17346
43349,18328
43349,40313
43349,45816
43434,24133
43460,8135
43460,40541
43460,41941
43480,28567
43480,31197
43480,39217
43483,321
43483,14933
43483,27380
43525,16046
43529,3529
43529,23216
43529,25724
43529,40696
43546,28216
43567,7551
43567,15512
43567,17463
43567,37770
43577,47424
43600,21095
43621,38621
43629,37089
43629,44007
43658,30036
43694,7075
43694,45467
43755,36940
43758,3404
43758,9559
43778,39692
43799,3422
43801,13862
43801,31786
43805,47700
43820,15362
43820,37391
43842,10255
43842,46720
43937,1756
43937,5915
43937,16368
43937,19844
43937,21232
43937,31725
43958,2604
43993,9826
44006,9818
44006,47625
44007,19742
44007,28033
44007,30038
44007,31519
44007,43629
44016,44876
44026,35275
44044,27091
44055,3587
44055,19055
44086,13066
44086,31441
44112,16036
44112,16202
44112,20912
44123,8323
44123,46944
44126,3435
44126,12337
44176,2673
44176,34161
44182,24984
44207,32981
44225,3774
44225,25876
44247,2245
44247,17744
44247,41007
44294,16310
44328,42420
44332,6394
44332,10010
44332,36271
44334,19055
44334,19987
44334,21207
44339,42096
44374,30914
44385,4385
44385,8658
44385,24883
44385,34385
44385,46079
44395,15750
44395,35750
44410,24683
44433,21695
44435,46654
44436,10006
44436,46434
44466,3377
44468,48075
44491,3252
44491,29995
44491,41016
44492,15905
44492,31626
44500,5071
44500,15071
44508,28655
44508,30477
44523,24809
44569,5647
44569,24391
44595,15363
44614,40345
44630,19690
44630,29069
44630,39069
44654,5326
44658,11258
44679,9693
44679,18071
44679,37342
44687,2405
44687,38564
44689,12399
44689,14308
44689,47779
44705,6486
44705,18298
44717,3545
44717,6173
44717,8267
44726,7138
44727,6432
44727,30038
44742,15637
44742,26343
44742,46343
44755,18188
44755,38314
44763,29207
44763,37604
44763,38332
44764,9764
44764,34154
44771,14948
44771,42030
44772,38858
44772,39340
44779,2536
44782,32616
44786,36985
44833,7583
44833,22595
44854,29854
44854,46199
44876,34289
44876,44016
44891,6329
44897,25724
44911,14765
44999,25964
45017,19582
45017,27790
45021,42136
45022,33724
45022,34712
45022,40989
45027,12938
45046,9461
45055,18778
45059,32871
45060,6879
45060,15060
45073,16046
45073,33235
45073,47535
45082,12875
45082,40119
45092,7912
45099,4733
45099,11632
45099,29715
45099,45351
45104,19055
45104,34056
45105,33311
45158,8828
45158,36355
45162,21350
45201,20724
45201,28558
45201,36130
45208,2041
45208,37864
45225,15934
45225,16781
45271,27331
45275,19948
45283,1530
45283,3462
45283,4556
45283,15540
45311,30127
45316,37342
45322,26236
45338,30338
45351,45099
45355,8565
45355,43171
45369,230
45376,27149
45403,15213
45403,25949
45467,7408
45467,17073
45467,20819
45467,25435
45467,43694
45475,38865
45508,508
45514,4482
45514,20268
45520,23019
45537,12885
45537,39272
45555,30555
45555,34763
45558,32150
45576,817
45576,42617
45606,25977
45637,1849
45637,43185
45647,4199
45647,6543
45647,31626
45660,14963
45672,46835
45692,12485
45692,31291
45692,40119
45701,30186
45718,19767
45725,34499
45760,11130
45760,19098
45760,35760
45806,7408
45806,47625
45812,39542
45816,43349
45816,47200
45863,33670
45874,42617
45885,30885
45887,48448
45907,20235
45916,35773
45916,41237
45947,10947
45978,17081
45978,23961
45978,34685
45978,35978
45978,36150
45995,3942
45995,4723
45995,10255
45996,25936
46027,17663
46050,14167
46052,15528
46079,4385
46079,34385
46079,34843
46079,44385
46089,5886
46089,23144
46095,13915
46104,11441
46140,43140
46141,10208
46157,22529
46158,27733
46199,31094
46199,44854
46219,14262
46229,1049
46229,17346
46229,27873
46229,34218
46258,21798
46261,8923
46263,9978
46263,17574
46263,27828
46275,37201
46279,39523
46279,40514
46281,37978
46289,7335
46289,17081
46307,36123
46329,7016
46343,10479
46343,26343
46343,41159
46343,44742
46346,28448
46346,38448
46353,11473
46360,25395
46381,6436
46393,27873
46393,38238
46393,40975
46407,22973
46428,1522
46429,14522
46429,43306
46434,44436
46457,39173
46469,35636
46474,10050
46478,20806
46488,41423
46489,16975
46494,17785
46494,32217
46519,7143
46519,25897
46530,1530
46555,22534
46555,48034
46591,5585
46594,18282
46594,24184
46608,21954
46608,41608
46629,27486
46649,15600
46654,44435
46656,28622
46656,29028
46656,38456
46656,40313
46678,12753
46697,36859
46720,3942
46720,33315
46720,43842
46728,31793
46796,5086
46803,8527
46819,4212
46827,4636
46831,14644
46835,45672
46843,35175
46857,27849
46857,41213
46899,19963
46923,37893
46927,30042
46944,8323
46944,44123
46949,34479
46955,16035
46955,32150
46967,42571
46982,18838
46982,27803
46982,41918
46992,9717
46993,40493
47027,17335
47047,33178
47052,2428
47080,18545
47133,28643
47138,30931
47138,34430
47164,33311
47191,6064
47191,41423
47198,6149
47200,39239
47200,45816
47208,625
47208,27208
47217,681
47229,14542
47229,18649
47229,43080
47260,2227
47277,47977
47305,5995
47305,7902
47305,42305
47321,16859
47351,42239
47351,48129
47363,15024
47396,23715
47400,8584
47400,37584
47424,43577
47453,21214
47453,30510
47475,40188
47500,29271
47506,34243
47535,15202
47535,40457
47535,45073
47580,17504
47586,8594
47588,27547
47588,42895
47596,5948
47604,13685
47604,17920
47609,278
47625,15890
47625,23954
47625,32625
47625,44006
47625,45806
47643,48460
47650,26130
47653,21261
47653,29927
47653,40410
47681,40480
47698,540
47698,16905
47698,27661
47698,34224
47698,37661
47700,6409
47700,41415
47700,43805
47708,22133
47779,20144
47779,37618
47779,44689
47822,16969
47822,37822
47835,28753
47863,43050
47887,16540
47887,42458
47898,21533
47919,7485
47919,14825
47941,742
47941,20645
47975,33247
47977,22733
47977,31272
47977,47277
47987,1625
47987,15905
47987,33396
47992,7877
47996,7345
47996,26533
48001,41213
48034,26151
48034,34320
48034,46555
48075,22229
48075,44468
48096,6381
48100,7897
48104,27736
48109,24870
48110,33516
48112,36098
48114,25491
48114,34567
48114,41669
48129,8713
48129,33129
48129,47351
48156,20354
48218,25066
48218,39149
48232,5267
48232,22224
48232,26000
48236,16256
48259,875
48259,3572
48320,12578
48337,21843
48337,30548
48346,15431
48354,25083
48363,28153
48371,10416
48371,30056
48386,37716
48417,2030
48439,19183
48439,40961
48448,10598
48448,39859
48448,45887
48449,35727
48460,47643
48482,14094
48484,4368
48485,7776
48485,35789
48486,7060
48486,35999
48499,26034
